loss,epoch,step
1.631164312362671,0,0
2.077822208404541,0,1
2.364537477493286,0,2
